Word,Count
com,5923
bskyb,5678
Down,1511
Production,1396
Syslog,1306
Alarm,1228
Critical,1219
Interface,1115
Percent,1058
CPU,584
sevoneTrapNotificationThresholdRevision3,538
Device,526
Palo,472
Alto,471
Utilization,453
percentage,419
flow,419
task,419
Node,353
down,333
High,292
Alert,273
Port-Channel,269
offline,269
SNMP,268
sky,255
Error,252
Reloaded,250
Lost,249
P783,249
State,222
Change,222
Trap,221
sky-gyslo-wlc-02,218
ACI,215
Link,211
Tunnel,185
isp,184
BGP,177
Hardware,173
P782,170
if0-dos,157
avera,155
Unreachable,153
External,149
Provider,149
thlon,145
Access,144
AIRESPACE,140
WIRELESS,140
ALERT,140
Point,140
Traps,139
Non,139
HSRP,135
Solarwinds,130
error,129
Server,128
component,126
UnImportant,117
Utilisation,114
Not,114
muted,113
Module,112
Syslogs,110
Availability,108
Excessive,107
Failure,104
time,104
P788,103
Failed,98
response,95
500ms,95
ave,93
Polling,93
sky-cwb-gnd-ap02,92
Syslogging,89
Crashed,85
averaged,85
Wireless,83
Certificate,83
aver,80
Warning,79
over,77
Neighbour,74
expiring,72
Services,72
affected,72
documented,71
ISE,70
end,70
without,69
date,69
scheduled,69
unreachable,66
bllon,65
nme,63
Power,59
Storm,57
Minor,55
Temperature,55
sns,54
failover,53
Missing,53
Network,52
CLI,51
Credentials,51
averag,50
Shutdown,49
Restart,49
Cert,47
dig-cwm-uartr-01,46
Netpath,45
PCI,44
dig-h1-uartr-01,44
Low,44
sync,44
status,44
changed,44
long,44
mute,44
window,44
corp-ostu2-aswt-01,43
news-h1-uafw-04,42
Netbrain,42
Errors,42
will,42
expire,42
sky-ost-wlc-01,42
Authentication,40
Failures,40
VPC,40
Scotland,39
DNS,39
Memory,38
user,37
news-h1-uafw-03,37
Slot,37
sky-gyhhe-vpano-log-02,37
sky-gyslo-vpano-log-02,36
dvn-rte-rtr-02,34
sky-gyslo-iedos-02,34
sky-cwa-iedos-02,34
Informational,33
sky-cwa-ief5d-content-01,33
Detected,33
engine4,33
engine1,33
engine5,32
engine8,32
engine9,32
engine2,32
Switch,31
sky-gyslo-vpano-log-04,31
engine7,31
engine12,31
sky-onx-ise-20,30
corp-ostu2-idswt-01,30
sky-onx-iedos-01,30
Out,30
engine3,30
engine11,30
engine6,30
sky-sce-iedos-01,29
sky-gyhhe-iedos-01,29
engine10,29
Transmit,28
Sky,28
Individual,28
Core,28
aoip-h1-sfa04-b,28
sky-sce-iedos-02,28
sky-onx-iedos-02,28
minutes,28
sky-gyslo-vpano-mgmt-06,27
sky-cwa-ise-20,27
radware-defenseflow,27
sky-gyhhe-iedos-02,27
sky-gyslo-dnac-01,26
sky-cwa-ief5d-content-02,26
sky-gyslo-ise-2,26
sky-ost-vpano-log-02,26
Vantage,26
sky-gyslo-iedos-01,25
sky-h1-iedos-01,25
Parity,24
Output,24
corp-ostu2-idswt-02,24
sky-ostb2-iedos-01,24
sky-cwa-iedos-01,24
Usage,23
Drops,23
esm-ostb2-cswt-02,23
skyt-gyhhe-f5-02,23
Nexus,22
dvn-tv3-aswt-02,22
Emergency,22
Condition,22
sky-gyhhe-iegtm-02,22
Status,22
sky-chi-vpano-log-04,22
sky-gyhhe-iefw-04,22
configured,21
sky-gyhhe-iedswt-01,21
sky-gyhhe-iedswt-02,21
dig-rte-aswt-01,21
sky-sce-gtm-02,20
Backups,20
gtvd2-gyslo-ievfw-04,20
prefered,20
state,20
dvn-thw-agg-01,20
Tranceiver,20
sky-cwa-iefwc-04-admin-pri,20
sky-gyhhe-ieswt-02,20
Offline,20
skyt-gyslo-vpano-mgmt-06,19
sky-onx-gtm-02,19
esm-u4-cswt-02,19
sky-gyhhe-ieswt-01,19
sky-gyhhe-cswt-01,19
gtvd1t-gyhhe-ievfw-04,18
Disabled,18
sky-gyslo-vpano-mgmt-04,17
Global,17
Front,17
dig-rte-aswt-02,17
TACACS,17
sky-ostb2-edswt-01,17
Guest,17
sky-cwa-iefwc-04-admin-sec,17
failure,17
minute,17
WLC,16
sky-cwa-idswtb-04,16
sky-gyhhe-fw-05,16
skyt-gyhhe-vpano-mgmt-06,16
sky-gyhhe-vpano-mgmt-06,16
Servers,16
Osterley,16
corp-mil-cdswt-2,16
radware-defenseflow-fe0,16
bcn-h1z3-leaf01-108,16
rights,16
sky-cwa-iefwc-04-nmstage-sec,16
sky-gyslo-vpano-mgmt-02,15
Event,15
Web,15
sky-cwa-iefwc-04-skyid-oogway-stg1-pri,15
enslo,15
dvn-lba-gtm-01,15
Trapping,15
bcuv-h1-spine01-902,15
sky-cwa-iefwc-04-skyid-oogway-stg1-sec,15
gtvd1-gyhhe-ievfw-04,15
Supply,15
unable,15
corp-ostu4-sfde-02,14
sky-ostb2-uaswt-02,14
corp-ostu4-sfde-01,14
Data,14
Failover,14
sky-gyslo-vprime-01,14
OAC,14
sky-cwa-ief5F-bcast-01,14
link,14
required,14
sky-cwa-iefwc-04-nmstage-pri,14
sky-gyhhe-cswt-02,14
dig-rte-aswt-03,14
device,14
oob-gyhhe-sfa-03-a,14
Plane,13
oob-gyhhe-sfa-03-b,13
sky-gyslo-leaf02-102,13
gtvd2-gyslo-ievfw-03,13
dig-arq-rtr-02,13
Submission,13
access,13
Management,13
Service,13
gtvd1-gyhhe-ievfw-01,13
sky-cwa-iefwc-04-skyid-oogway-stg-pri,13
sky-cwa-iefwc-04-skyid-oogway-stg-sec,13
skyt-gyslo-sfa-50-a,13
connection,13
sky-ost-vpano-log-04,13
corp-h1-dswt-03,13
skyt-gyhhe-f5-inter-02,13
skyt-gyslo-sfa-50-b,13
sky-gyslo-f5mgr-01,13
sky-gyhhe-icffw-02,13
sky-gyhhe-gtm-02,12
bcuv-cwa-dswt-06,12
sky-ostu4-leaf01-117,12
dvn-rte-rtr-01,12
sky-gyhhe-vf5biq-02,12
news-h1-sfa-01-a,12
Underutilised,12
identified,12
corp-mil-cdswt-1,12
issue,12
sky-cwa-spine01-901,12
sky-gyhhe-apic01-02,12
dvn-tv3-aswt-03,12
Switchover,12
Occured,12
Too,12
many,12
flaps,12
sky-scbwd-iefw-02,12
sky-gyslo-cswt-02,12
sky-gyslo-cswt-01,12
sky-gyhhe-iefw-16,12
mica1,12
add,12
SolarWinds,12
engine17,12
corp-ostb2-idswt-02,11
sky-sce-fw-13,11
admin,11
dvn-cwa-agg-04,11
Floor,11
med-mil-fw-02,11
docker0,11
skyt-onx-iedswt-02,11
med-cwa-fw-04,11
Expiring,11
mimnc,11
as3-ct,11
sky-gyhhe-leaf02-101,11
Synchronisation,11
dig-arq4-rtr-01,11
Fault,11
sky-gyhhe-fw-06,11
wpapptb0,11
digt-h1-idswtA-02,11
Case,11
skyt-gyslo-f5-02,11
bcuv-h1-spine01-901,11
Database,11
sky-gyhhe-sfa52-b,11
sky-gyhhe-sfa52-a,11
Percentage,11
esm-onx-fw-04,11
esm-onx-fw-03,11
sky-gyslo-ieswt-02,11
disconnected,10
F0053,10
Import,10
Export,10
corp-chn-aswt-03,10
sky-sce-leaf01-502,10
med-mil-fw-01,10
corp-chn-aswt-11,10
dvn-enslo-gtm-01,10
bcn-ostb2z3-spine01-901,10
nsb-u4-cswt-02,10
nsb-h1-cswt-01,10
sky-gyhhe-vf5-nms-01,10
WPAPPTJ0,10
WPAPPTB0,10
Onyx,10
dig-arq4-rtr-02,10
Slough,10
gtvd2t-gyslo-vfw-03,10
gtvd2t-gyslo-vfw-04,10
bcuv-h1-spine01-903,10
corp-chn-aswt-01,10
corp-chn-aswt-04,10
Disk,10
Space,10
warning,10
wpappup0,10
Poller,10
gtvd1-gyhhe-ievfw-02,10
sky-u4-edswt-01,10
med-h1-bleaf01-a,10
sky-gyhhe-vpano-mgmt-02,10
bcn-h1z3-spine01-901,10
sky-gyhhe-vpano-log-04,10
digt-h1-idfw-02,10
skyt-gyslo-sfa-03-a,10
sky-gyslo-iedswt-02,10
esm-sce-fw-03,10
please,10
sky-gyslo-iedswt-01,10
sky-gyhhe-icffw-01,10
engine18,10
Number,10
oob-gyslo-sfa-01-a,9
users,9
gtvd1t-gyhhe-ievfw-03,9
sky-sce-cswt-03,9
bcuv-h1-leaf03-101,9
sky-chn-wlc-10,9
news-mil-fw-01,9
Testing,9
dvn-hbr-gtm-01,9
wpappvb0,9
Chilworth,9
WPSQL59C,9
dig-rte-aswt-04,9
wpappuq0,9
Issue,9
Connectivity,9
bcmed-h1-sfdL-02,9
dig-arq-rtr-01,9
sky-sce-iecswt-01,9
wpappva0,9
cbs-sce-dswt-02,9
sky-gyslo-ieswt-01,9
gtvd1-gyhhe-vfw-04,9
sky-gyhhe-vpano-mgmt-04,9
skyt-gyhhe-fw-03,9
gtvd1-gyhhe-vfw-03,9
corp-liv-dswt-02,9
corp-liv-dswt-01,9
Routing,9
sky-ostb2-fw-01,9
skyt-gyslo-sfa-03-b,9
2024-04-03,9
nowtv-gyslo-aswt-02,9
digt-cwa-idf5-02,9
sky-gyslo-iefw-04,9
engine16,9
sky-sce-efw-01,9
idle,9
oob-gyslo-sfa-01-b,8
sky-gyslo-iefw-13,8
sky-onx-leaf01-502,8
sky-onx-leaf01-501,8
sky-sce-fw-14,8
server,8
WPAPPXH0,8
failed,8
Campus,8
corp-chn-aswt-10,8
corp-chn-aswt-09,8
mc-cwm-dswt-02,8
wpapptl0,8
Hemel,8
bkup-h1-dswtA-02,8
corp-chn-aswt-08,8
corp-chn-aswt-06,8
corp-chn-aswt-07,8
corp-chn-aswt-05,8
sky-gyslo-vpano-log-07-b,8
Unable,8
ptps-h1-cswt-01,8
as2-ct,8
ennby,8
sky-cwa-ief5F-bcast-02,8
bcn-ostb2z3-leaf01-109,8
hosts,8
sky-sce-iegtm-02,8
gtvd2-gyslo-ievfw-02,8
dig-ses-rtr-02,8
med-h1-bleaf01-b,8
sky-scbwd-iefw-01,8
gtvd2-gyslo-vfw-01,8
sky-gyhhe-iefw-15,8
gtvd1-gyhhe-vfw-01,8
sky-onx-iehbswt-01,8
dvn-rte-rtr-03,8
dig-ostb2-ievpn-02,8
sky-onx-fw-03,8
skyt-gyslo-f5-01,8
digt-h1-sfdb-02,8
dig-h1-cswt-01,8
ptps-h1-cswt-02,8
lost,8
skyt-gyhhe-sfa-03-a,8
tvob-demuc-dswt-01,8
tvob-u1-dswt-02,8
sky-ostb2-ief5-07,8
sky-ostb2-ief5-08,8
sky-sce-iefw-12,8
sky-onx-fw-02,8
sky-onx-fw-01,8
test,8
engine14,8
engine13,8
minut,8
mc-cwa-aswt-12,8
P785,8
sky-gyslo-icffw-01,8
radware-vision,8
Configuration,8
skyt-sce-fw-12,8
mgmt-h1-dswt-2,7
sky-cwa-idswta-01,7
sky-gyslo-gtm-02,7
failures,7
F1483,7
sky-sce-leaf01-501,7
sky-gyslo-vpano-log-07-a,7
DTH,7
corp-ostb2-dswt-03,7
corp-bsb-aswt-01,7
ctt-sce-sfa-02-A,7
news-mil-idswt-01,7
bcnt-u4z0a-cswt-02,7
Need,7
sky-cwa-iefxos-01,7
dvn-enbgk-gtm-01,7
WPAPPVZ0,7
wpapptp0,7
iQuery,7
dig-arq5-rtr-01,7
ScoLocate,7
issues,7
Firewall,7
sky-cwa-iefxos-02,7
sky-gyslo-icffw-05,7
sky-gyslo-icffw-06,7
corp-chn-aswt-02,7
corp-chn-dswt-01,7
sky-chn-iefw-01,7
sky-chn-iefw-02,7
corp-chn-dswt-02,7
sky-h1-ief5-01,7
bcn-cwaz3-spine01-902,7
sky-gyhhe-vpano-mgmt-07,7
sky-gyhhe-ief5-sas-01,7
sky-gyslo-wlc-01,7
med-cwa-fw-03,7
news-h1-idswt-01,7
sky-gyslo-ief5-icf-01,7
gtvd2-gyslo-ievfw-01,7
corp-ostac-dswt-01,7
sky-sce-cswt-02,7
sky-sce-iedswt-02,7
gtvd1t-gyhhe-vfw-02,7
gtvd1t-gyhhe-vfw-01,7
sky-gyslo-iefw-14,7
gtvd1-gyhhe-vfw-02,7
sky-ostu4-fw-04,7
digt-h1-idfw-01,7
sa-cwa-f5-01,7
digt-h1-idswtA-01,7
Worker,7
ASA,7
corp-wxu02-aswt-01,7
skyt-gyhhe-sdswt-01,7
sky-gyhhe-sfa-10-a,7
skyt-gyhhe-sfa-02-b,7
sky-gyhhe-iefw-03,7
tvob-h1-dswt-01,7
sky-onx-ielvpna-04,7
skyt-onx-ief5-02,7
sky-sce-fw-02,7
skyt-sce-iefw-12,7
skyt-onx-iefw-12,7
skyt-gyhhe-icffw-01,7
ignore,7
Percen,7
sky-gyslo-icffw-02,7
bcuv-h1-leaf03-102,7
mc-cwa-aswt-13,7
sky-cwa-leaf02-101,6
oob-gyslo-sfa-03-b,6
oob-gyslo-sfa-03-a,6
connect,6
Chennai,6
sky-gyslo-wlc-10,6
multiple,6
sky-sce-leaf02-102,6
Important,6
sky-sce-cswt-04,6
digt-u4-idswt-04,6
sky-gyhhe-ise-3,6
bg-ostb2-sspine01-902,6
during,6
med-mil-idswt-02,6
WPSQL59B,6
sky-onx-ielvpna-03,6
WPSQL59A,6
wpapptq0,6
wpappun0,6
as0-ctlab,6
sky-gyslo-ief5-sas-02,6
bg-ostb2-sspine02-902,6
gyslo,6
bg-cwa-sspine02-904,6
network,6
bcuv-h1-spine02-902,6
sky-gyhhe-icffw-04,6
sky-gyhhe-icffw-03,6
sky-onx-iefxos-01,6
dvn-lba-cswt-01,6
sky-gyslo-fw-05,6
sky-ostb2-fw-05,6
corp-cwhut-aswt-01,6
sky-gyslo-vpano-log-07-c,6
sky-cwa-idswta-02,6
sky-gyhhe-wlc-01-pri,6
bcnt-u4z0a-cswt-01,6
sky-u4-nxs-02,6
corp-blb-aswt-1,6
CIMC,6
sa-cwa-f5-02,6
sky-gyhhe-iefw-13,6
news-h1-idswt-02,6
Cisco,6
skyt-gyhhe-iefw-07,6
gtvd2-gyslo-vfw-02,6
skyt-gyhhe-fw-04,6
TWL06,6
dvn-cwa-agg-03,6
dvn-tv3-aswt-01,6
Pano,6
dig-arq5-rtr-02,6
sky-u4-cswt-01,6
dvn-enslo-aswt-01,6
bcmed-ostu2-dswt-02,6
digt-h1-sfdi-02,6
dig-bbcs-rtr-01,6
skyt-gyslo-sfa-04-b,6
sky-gyslo-ief5-01,6
sky-gyslo-sfa-01-a,6
sky-gyslo-sfa-01-b,6
BSKYB-MT-Hosts-ConnectionLost-Host,6
vCenter,6
dig-ostb2-uaswt-01,6
mc-ostu2-aswt-36,6
sky-gyslo-fw-04,6
sky-gyslo-vpano-mgmt-07,6
sky-gyslo-leaf01-103,6
sky-onx-cswt-03,6
tvob-demuc-dswt-02,6
sky-gyhhe-sdswt-02,6
skyt-gyhhe-sdswt-02,6
docker,6
engine15,6
System,6
-25,6
internal,6
if1-nme,6
mcx-h1-leaf01-102,6
mcx-h1-leaf01-101,6
radware-vision-fe0,6
sky-ostb2-spine01-902,5
sky-ostb2-spine01-901,5
dig-bbcn-rtr-01,5
gtvd1-gyhhe-ievfw-03,5
med-h1-spine-02,5
sky-sce-leaf02-101,5
corp-ostb2-dswt-01,5
digt-u4-aswt-12,5
ctt-sce-sfa-02-B,5
page,5
Watermark,5
dig-bbcec-rtr-02,5
sky-gyslo-sfa-06-a,5
This,5
sky-ost-vpano-log-01,5
limit,5
news-mil-idswt-02,5
med-mil-idswt-01,5
Rogue,5
Alerting,5
service,5
corp-osthf-aswt-01,5
skyt-gyhhe-sfa-02-a,5
average,5
sky-sce-iecswt-02,5
Only,5
sky-onx-1st-lwap-1,5
WPAPPTC0,5
WPAPPTG0,5
WPAPPTA0,5
wpappto0,5
connectivity,5
EXPIRED,5
IAO06,5
corp-chn-aswt-12,5
sky-gyhhe-vpano-log-07-c,5
sky-gyslo-fw-06,5
sky-gyslo-iefw-15,5
sky-gyslo-iegtm-02,5
sky-onx-leaf01-101,5
sky-gyhhe-aswt-01,5
sky-gyhhe-idswt-01,5
bcmed-u4-cswt-2,5
2024-05-21,5
after,5
sky-gyhhe-vpano-mgmt-01,5
BPDU,5
Guard,5
cbst-sce-dswt-01,5
working,5
med-cwa-bleaf01-b,5
Multiple,5
sky-gyhhe-iefw-14,5
sky-onx-iegtm-02,5
corp-liv-aswt-06,5
wpappta0,5
Ref,5
sky-sce-nxs-02,5
sky-cwa-leaf01-111,5
esm-onx-aswta-01,5
sky-ostb2-fw-04,5
sky-gyhhe-vpano-log-01,5
vtg-bcast1-ost-vfw-01,5
dig-arq5-sfda-02,5
sky-gyslo-opd-aswt-01,5
sky-onx-iedswt-01,5
dig-rte-vswt-02,5
sky-cwa-fw-02,5
sky-u4-giga-agg-01,5
APf07f,5
063f,5
Wi-Fi,5
WPAPPXG0,5
dig-bbcec-rtr-01,5
Lisbon,5
skyt-gyslo-sfa-04-a,5
sky-gyslo-sfa-08-b,5
Procurri,5
sky-gyslo-f5-01,5
skyt-sce-dswt-01,5
dvn-enslo-cswt-01,5
bcmed-ostu2-dswt-01,5
sky-gyhhe-leaf02-102,5
sky-gyslo-sfa-10-a,5
bg-cwa-sspine01-903,5
esm-sce-fw-04,5
sky-sce-fw-01,5
skyt-gyslo-opd-fw-01-cp-fe-pri,5
skyt-onx-iefw-01-corporate-sec,5
skyt-onx-fw-02,5
skyt-onx-fw-01,5
sky-onx-cswt-04,5
sky-sce-leaf01-122,5
psn-8p,5
sky-sce-leaf01-101,5
sky-onx-leaf01-102,5
bcuv-h1-dswt-02,5
sky-gyslo-vf5-nms-02,5
sky-cwa-iedswta-01,5
nsb-cwa-cswt-01,5
nsb-cwa-cswt-02,5
gwbridge,5
sky-gyhhe-iefw-02,5
2024-02-06,5
sky-ostb2-ief5-01,5
sky-sce-efw-02,5
bcmed-h1-sfdA-2,5
unknown,5
bcuv-h1-dswt-06,5
sky-gyhhe-vdcnm-media-02,5
bcn-ostb2z1-cswt-01,5
bcuv-h1-leaf02-103,4
corp-liv-aswt-07,4
corp-liv-aswt-03,4
med-h1-fw-04,4
news-h1-sfa-02-a,4
least,4
throughput,4
sky-gyhhe-ief5-bskyb-02,4
HIGH,4
sky-gyhhe-apic01-03,4
F1651,4
sky-gyhhe-vpano-log-07-a,4
load,4
2nd,4
dig-bbcmw-rtr-02,4
Sensors,4
authenticate,4
onboarding,4
corp-cwa-sfdaswt-1,4
esm-cwa-cswt-01,4
Innovation,4
Centre,4
Second,4
sky-gyhhe-wlc-10,4
memory,4
mgmt-mil-idswt-01,4
sky-onx-hbsfa-02-a,4
sky-gyhhe-giga-agg-01,4
loss,4
alarms,4
skyt-onx-efw-01,4
bcuv-h1-leaf01-102,4
corp-ostb3-dswt-01,4
Errors-,4
wpapptn0,4
WPAPPTF0,4
WPAPPTI0,4
wpapptk0,4
WPAPPTH0,4
wpapptm0,4
wpappuo0,4
wpapptt0,4
WPAPPTE0,4
WPAPPTD0,4
gyhhe,4
dig-arq2-rtr-01,4
sky-gyhhe-efw-01,4
sky-gyhhe-efw-02,4
bcmed-h1-sfdL-01,4
servers,4
esm-fo-aswt-01,4
sky-gyhhe-vf5-nms-02,4
Non-Functional,4
corp-u10-u4-r,4
oob-gyhhe-sfa-01-b,4
via,4
port,4
sky-gyhhe-vpano-log-07-b,4
2024-05-29,4
Early,4
identification,4
sky-gyhhe-uafw-01,4
dig-arq2-rtr-02,4
dig-h1-sfde-01,4
bcn-cwaz3-spine01-901,4
att,4
Jack,4
Rights,4
Ping,4
Fail,4
rsRadwareNTPUpdateProblem,4
sky-sce-leaf01-102,4
sky-gyslo-leaf01-117,4
config,4
sky-gyhhe-vpano-log-06,4
sky-onx-leaf02-102,4
sky-gyhhe-nxs-01,4
corp-ostb3-aswt-02,4
VPN,4
med-cwa-bleaf01-a,4
TAC,4
corp-ath-sfdb-01,4
sky-gyhhe-f5-02,4
vtg-bcast1-chi-vfw-02,4
vtg-bcast1-ost-vfw-02,4
vtg-bcast4-chi-vfw-02,4
sky-gyslo-iefw-16,4
dig-h1-leaf01-118,4
bcmed-u2-sfdb-01,4
dig-rte-vswt-01,4
sky-gyhhe-opd-aswt-01,4
esm-sce-aswta-02,4
sky-onx-iedswt-02,4
skyt-onx-iedswt-01,4
sky-onx-iehbswt-02,4
sky-onx-fw-04,4
sky-gyhhe-apic01-01,4
sky-h1-uaswt-02,4
sky-onx-fw-14,4
bcmed-h1-leaf03-a,4
cbs-onx-dswt-01,4
sky-onx-cswt-02,4
mc-h1-idswt-01,4
CASE,4
skyt-cwa-iefwd-01,4
sky-gyslo-spine01-903,4
sky-gyslo-sfa-02-a,4
sky-gyslo-sfa-02-b,4
sky-gyslo-sfa-16-a,4
sky-gyslo-sfa-16-b,4
dig-u4-fw-02,4
sky-gyslo-sfa-08-a,4
sky-gyslo-sfa-15-b,4
PSU,4
sky-gyslo-sfa-50-b,4
digT-cwa-idswt-2,4
skyt-sce-nxs-01,4
skyt-sce-iedswt-01,4
sky-gyhhe-f5-01,4
Tacacs,4
sky-cwa-ief5d-01,4
glb-internal,4
skyt-onx-iefw-01-web-oogway-skyid-pri,4
skyt-onx-iefw-01-web-oogway-skyid-stg2-pri,4
skyt-onx-iefw-01-web-oogway-skyid-sec,4
skyt-onx-iefw-01-web-oogway-skyid-stg2-sec,4
corp-wwb-aswt-1,4
sky-cwa-ielvpna-01,4
sky-h1-ief5-08,4
sky-sce-sfa-06-b,4
WPAPPXA0,4
bcmed-h1-sfdA-1,4
bg-cwa-sspine01-904,4
sky-gyslo-leaf01-113,4
sky-gyslo-uafw-02,4
sky-gyhhe-sfa-50-b,4
sky-ostb2-leaf01-107,4
skyt-onx-ief5-01,4
mc-h1-aswt-34,4
mc-h1-aswt-33,4
sky-onx-iefw-12,4
sky-sce-iefw-11,4
corp-u4-fw-1-sec,4
till,4
skyt-sce-fw-02,4
skyt-onx-iefw-01-corporate-pri,4
skyt-sce-iefw-11,4
skyt-onx-iefw-11,4
skyt-sce-fw-01,4
sky-gyhhe-sdswt-01,4
skyt-gyhhe-sfa-01-b,4
sky-sce-leaf01-121,4
sky-onx-pano-01,4
sky-gyhhe-idswt-02,4
psn-7p,4
sky-cwa-iefwd-04-stby,4
sky-sce-pano-01,4
dig-cwa-ievpn-04,4
Just,4
sky-sce-cswt-01,4
dvn-lba-cswt-02,4
sky-cwa-iedswta-02,4
sky-onx-ise-2-cimc,4
dig-u4-uaswt-01,4
dig-h1-idswta-01,4
dig-h1-idswta-02,4
sky-ostb2-iecswt-01,4
sky-gyslo-sdswt-02,4
sky-gyslo-idswt-01,4
sky-cwa-leaf01-102,4
bcuv-h1-dswt-05,4
sky-gyslo-opd-fw-02-srp-fe-sec,4
skyt-gyslo-opd-fw-02-cp-fe-sec,4
sky-gyslo-opd-fw-01-srp-fe-pri,4
skyt-gyslo-opd-fw-02-srp-be-sec,4
sky-gyslo-uafw-03,4
ove,4
med-h1-fw-03,3
increase,3
SkyCorporate,3
One,3
nowtvt-gyhhe-iefw-01,3
dig-h1-uaswt-02,3
VOD,3
cbs-u4-cswt-01,3
sky-gyslo-ise-6-cimc,3
watchman,3
jumphost,3
enterprise,3
wpappth0,3
bg-h1-sspine01-901,3
Central,3
First,3
Hub,3
reached,3
sky-gyslo-giga-agg-01,3
wpappti0,3
mgmt-mil-idswt-02,3
bcn-mil-aswt-01,3
mc-mil-idswt-02,3
mc-mil-idswt-01,3
Blue,3
intermittent,3
Linear,3
skyt-sce-efw-01,3
corp-wmrk-aswt-04,3
bcuv-h1-leaf02-101,3
missing,3
skyt-sce-sfa-05-b,3
sky-cwa-leaf01-106,3
wpappts0,3
wpapptr0,3
wpappvy0,3
bcast-h1-cswt-02,3
bcast-h1-cswt-01,3
bcuv-h1-leaf01-101,3
sky-sce-apic01-01,3
reaching,3
dig-rbmbc-1,3
corp-ostb3-aswt-01,3
sky-onx-apic01-03,3
when,3
wpapptd0,3
sky-ost-iefw-01-admin,3
sky-gyhhe-uafw-02,3
sky-h1-ief5-07,3
failing,3
sky-gyslo-efw-02,3
sky-gyslo-efw-01,3
WPAPPTT0,3
sky-h1-hbswtA-1,3
Tshoot,3
Admin,3
ctt-sce-g02f5-01,3
https,3
sky-gyhhe-leaf01-119,3
sdrs-sce-sfa-01-b,3
sky-sce-fw-06,3
sky-onx-leaf01-108,3
corp-liv-aswt-08,3
bcn-cwaz3-leaf01-110,3
esm-onx-aswtb-02,3
bcast-u4-dswt-4,3
corp-h1-cdswt-1,3
digital,3
sky-gyhhe-apic01-03-cimc,3
WPAPPXJ0,3
intranet,3
if2-nme,3
Group,3
Waiting,3
commit,3
mc-cwt-dswt-02,3
wpapptg0,3
wpapptc0,3
wpapptj0,3
bcuv-h1-spine02-901,3
corp-cwa-sfdamsfc-1,3
corp-ostu2-aswt-06,3
sky-cwa-spine01-902,3
sky-h1-fw-05,3
skyt-gyhhe-iefw-08,3
skyt-gyslo-iefw-07,3
sky-gyslo-vpano-log-01,3
skyt-gyslo-iefw-08,3
needs,3
across,3
dvn-h1-agg-02,3
sky-gyslo-opd-aswt-02,3
sky-gyhhe-opd-aswt-02,3
esm-sce-aswta-01,3
glb,3
dig-cwa-ievpn-03,3
bkup-h1-cswt-02,3
sky-gyhhe-leaf01-107,3
sky-cwt-1st-ap02,3
ntl4-dig-swt-2,3
ntl4-dig-swt-1,3
assist,3
sky-onx-fw-13,3
skyt-onx-dswt-02,3
sky-gyslo-f5-servs-02,3
skyt-gyslo-f5-servs-01,3
sky-onx-nxs-01,3
sky-onx-ief5-02,3
digt-h1-aswt-12,3
digt-h1-sfda-02,3
dig-h1-cswt-02,3
Require,3
corp-ostac-fw-02,3
corp-ostac-fw-01,3
sky-onx-fw-07,3
sky-u4-iefw-03,3
corporate,3
sky-gyslo-sfa-03-a,3
sky-gyslo-sfa-03-b,3
sky-onx-ise-3-cimc,3
bcmed-u4-idswt-1,3
sky-gyslo-ise-6,3
RAISED,3
skyt-gyslo-ief5-01,3
sky-gyslo-sfa-50-a,3
dvn-hbr-cswt-01,3
sky-sce-uafw-01-untrusted-access-pri,3
sky-onx-uafw-01-untrusted-access-pri,3
digt-cwa-idf5-01,3
cannot,3
skyt-gyhhe-iedswt-01,3
sky-gyslo-ise-2-cimc,3
upappgn0,3
nowtvt-gyslo-iefw-02,3
nowtv-gyslo-iefw-02,3
nowtv-gyslo-iefw-01,3
nowtvt-gyslo-iefw-01,3
sky-onx-iefw-01-web-skyweb-sec,3
sky-gyslo-leaf01-502,3
mc-ostu2-aswt-35,3
bcmed-ostu2-sfde-02,3
bcmed-ostu2-sfde-01,3
CPU1,3
reach,3
Generic,3
sky-gyslo-fw-03,3
login,3
corp-sol-aswt-01,3
traffic,3
Default,3
sky-gyslo-sfa-10-b,3
switch,3
upappgo0,3
sky-gyslo-leaf01-110,3
bcn-h1z2-cswt-2,3
sky-ost-iefw-01-admin-stby,3
sky-ost-iefw-01-tvob-internet-stby,3
sky-gyslo-apic01-01,3
firewall,3
upappgl0,3
Pre-Prod,3
corp-cse-aswt-01,3
digt-cwa-sfdH-02,3
sky-cwa-nxs-05,3
sky-cwa-nxs-06,3
Callout,3
sky-onx-iefw-11,3
changes,3
sky-cwa-fw-03,3
corp-u4-fw-1-pri,3
5pm,3
reload,3
vco22-fra1,3
velocloud,3
net,3
skyt-onx-iefw-01-oogway-skyid-pri,3
skyt-onx-iefw-01-oogway-skyid-sec,3
skyt-onx-iefw-01-cg-noncommerce-sec,3
skyt-onx-iefw-01-cg-commerce-sec,3
skyt-onx-iefw-01-cg-commerce-pri,3
skyt-onx-iefw-01-oogway-skyid-stg2-sec,3
skyt-onx-iefw-01-cg-noncommerce-pri,3
skyt-onx-iefw-01-oogway-skyid-stg2-pri,3
Loss,3
sky-gyhhe-vcmx-01,3
sky-onx-ise-6,3
skyt-gyhhe-sfa-01-a,3
sky-gyslo-sfa23-b,3
sky-gyslo-leaf01-122,3
bcuv-cwa-dswt-05,3
sky-onx-apic01-02,3
sky-gyhhe-leaf01-501,3
sky-onx-spine01-901,3
sky-onx-leaf01-103,3
sky-sce-leaf01-115,3
sky-gyhhe-leaf01-502,3
sky-cwa-iefwF-2-admin,3
sky-gyslo-leaf01-120,3
sky-cwa-iefwd-04,3
bcastt-u4-uafw-01,3
sky-cwa-iefwf-1-iesfdf,3
sky-cwa-iefwf-2-iesfdf,3
sky-cwa-iefwd-04-content-stby,3
sky-cwa-iefwd-01-sfdd-context,3
sky-cwa-iefwb-2-admin,3
sky-sce-iedswt-01,3
cbs-sce-dswt-01,3
bcuv-cwa-dswt-02,3
skyt-gyhhe-sfa-07-b,3
Per,3
P787,3
Fan,3
minu,3
Gi7,3
just,3
nowtvt-gyhhe-iefw-02,3
dig-enc-sfda-01,3
-27,3
-28,3
P779,3
Resource,3
sky-gyslo-idswt-02,3
sky-gyslo-sdswt-01,3
sky-gyhhe-iefw-07,3
Packets,3
CRITICAL,3
condition,3
detected,3
kill,3
process,3
cbs-cwa-aswtC-2,3
if12,3
sky-ostb2-leaf01-108,3
2024-01-09,3
esm-cwa-aswtC-1,3
Requests,3
signed,3
corp-ostb1-aswt-04,3
dig-cwa-aswt-71,2
sky-gyslo-apic01-02,2
SVC,2
No1,2
Leeds,2
sky-cwa-idf5-01,2
vulnerabilities,2
require,2
day,2
patching,2
prdmed-ostu2-leaf-01-a,2
prdmed-ostu2-leaf-01-b,2
Degradation,2
corp-ostex-aswt-02,2
cbs-ostb2-cswt-01,2
slough,2
ravinder,2
dhami,2
8th,2
sky-h1-giga-agg-01,2
log,2
1st,2
high,2
utilization,2
F3074-,2
Flash,2
lifetime,2
usage,2
endurance,2
ctt-onx-sfa-01-A,2
aoip-mil-sfa01-b,2
interface,2
SOIP,2
UKTV,2
STV,2
feed,2
rules,2
corp-h1-idswt-02,2
corp-ostb1-dswt-02,2
IOS,2
into,2
USB,2
remote,2
Kentik,2
dvn-h1-agg-01,2
3rd,2
pingable,2
sky-h1-nxs-04,2
as1-ctlab,2
Traffic,2
ADM,2
Reporting,2
dig-glb2-rtr-01,2
bkup-h1-dswtA-01,2
dig-cwa-aswt-79,2
prdmed-h1-leaf12-b,2
Inconsistency,2
Issues,2
errors,2
connecting,2
sky-cwa-iesfdd-02,2
sky-cwa-iesfdd-01,2
Cannot,2
PCoIP,2
CIEC,2
skyt-sce-ief5-bskyb-11,2
Connection,2
proxy,2
corp-u2-sfda-01,2
longer,2
apmgt010,2
sky-gyhhe-ief5-icf-02,2
oob-gyhhe-cswt-01,2
sky-gyhhe-ief5-sport-01,2
bcmed-h1-cswt-1,2
enwkg,2
ise0,2
corp-ostu2-aswt-04,2
LAN,2
GCP,2
reverse,2
Adobe,2
Campaign,2
corp-ostac-aswt-01,2
sky-onx-leaf01-506,2
sky-gyslo-opd-fw-01-opd-be-pri,2
skyt-gyhhe-opd-fw-01-srp-fe-pri,2
sky-cwa-leaf01-112,2
digt-cwa-fw-01,2
sky-gyhhe-leaf01-112,2
sky-sce-leaf01-123,2
sky-sce-leaf01-113,2
sky-sce-leaf01-103,2
digt-cwa-fw-02,2
skyt-sce-fw-05,2
skyt-sce-fw-06,2
Panorama,2
sky-sce-fw-05,2
drm-ost-ievf5-01,2
APVision,2
bcmed-cwa-leaf01-b,2
bcmed-cwa-leaf01-a,2
med-cwa-spine-02,2
bcn-cwaz3-leaf01-101,2
sky-gyhhe-ief5-iod-02,2
bcn-cwaz3-leaf01-102,2
corp-h1-aswt-17,2
2024-05-10,2
skyt-onx-sfa-05-b,2
myskysharedat,2
Down-,2
Incorrect,2
case,2
esm-onx-aswtc-03,2
Packet,2
sky-ost-vpano-log-03,2
sky-chi-vpano-log-03,2
Crowdstrike,2
news-h1-sfa-01-b,2
wpapptf0,2
wpappte0,2
corp-ostex-aswt-01,2
sky-mun-edswt-01,2
corp-u2-sfda-02,2
corp-liv-aswt-13,2
esm-onx-aswtb-01,2
sky-onx-leaf01-121,2
ostu2-gnd-ap10,2
gol07,2
dig-cwa-sfda-2,2
dig-cwa-idswt-02,2
dig-h1-leaf01-117,2
Elstree,2
Corp,2
push,2
Line,2
card,2
logging,2
sky-gyslo-ief5-bskyb-02,2
following,2
corp-cwtt-aswt-01,2
sky-cwtt-gnd-ap02,2
Darktrace,2
potential,2
syncing,2
sky-cwt-1st-ap01,2
sky-cwt-1st-ap03,2
sky-cwt-gnd-ap01,2
sky-cwb-gnd-ap01,2
resources,2
sky-onx-uafw-04,2
bcmed-ost-theyes-01,2
bcmed-ost-theyes-02,2
corp-liv-aswt-12,2
corp-liv-aswt-05,2
corp-liv-aswt-11,2
skyt-gyhhe-ief5-imp-01,2
skyt-gyhhe-ief5-imp-02,2
corp-cwa-aswt-01,2
LiveU,2
Video,2
Return,2
Thumbnails,2
visible,2
sky-cwa-leaf02-102,2
Tristan,2
INC3856143,2
Switchport,2
change,2
can,2
Throughput,2
license,2
BCMED,2
bkup-h1-aswt-3,2
Duplex,2
Mismatching,2
corp-h1-aswt-11,2
dig-arq5-sfda-01,2
sky-onx-cswt-01,2
sky-onx-ief5-01,2
oob-gyhhe-sfa-01-a,2
Internet,2
DMZ,2
logs,2
VMAX,2
sky-cwa-fw-05,2
dig-ostb2-fw-02,2
sky-ostb2-iefw-03,2
dig-cwa-fw-05,2
sky-cwa-fw-06,2
sky-u4-fw-02,2
dig-ostb2-fw-01,2
dig-u4-fw-01,2
sky-onx-fw-08,2
dig-cwa-fw-06,2
dig-bbcmw-rtr-01,2
dvn-the-agg-01,2
using,2
corp-gwb-aswt-02,2
corp-gwb-aswt-1,2
reporting,2
WPAPPXB0,2
bcn-h1z3-leaf01-114,2
power,2
WPAPPXE0,2
FEX,2
sky-sce-uafw-01-untrusted-access-sec,2
website,2
nsb-gyhhe-sfa-01-b,2
sky-gyslo-f5-02,2
skyt-gyhhe-f5-01,2
Please,2
assign,2
sky-cwa-edswt-02,2
sky-sce-fw-07,2
corp-dun-aswt-05,2
dvn-enslo-cswt-02,2
sky-ostu2-leaf01-119,2
sky-ostu2-leaf01-120,2
corp-eclis-aswt-05,2
corp-eclis-dswt-01,2
corp-eclis-aswt-03,2
corp-eclis-aswt-02,2
corp-eclis-dswt-02,2
corp-eclis-aswt-01,2
corp-eclis-aswt-04,2
sky-gyslo-iefw-03,2
2024-03-20,2
mc-ostu2-aswt-38,2
mc-h1-idswt-02,2
med-cwa-fw-01,2
devices,2
bcmed-ostu2-sfdf-02,2
bcmed-ostu2-sfdf-01,2
capacity,2
Faults,2
monitoring,2
AWS,2
blocked,2
bcuv-h1-dswt-03,2
bcn-ostb2z3-leaf01-108,2
bcn-cwaz3-cswt-01,2
bcn-cwaz3-cswt-02,2
nowtv-gyhhe-aswt-02,2
Session,2
corp-mcn-aswt-02,2
sky-cwa-ielvpna-02,2
sky-ostb2-iefw-02,2
sky-h1-ief5-06,2
sky-h1-ief5-04,2
sky-h1-ief5-02,2
sky-h1-ief5-10,2
sky-h1-ief5-09,2
sky-ostb2-ief5-09,2
sky-ostb2-ief5-06,2
sky-ostb2-ief5-10,2
sky-ostb2-ief5-02,2
sky-ostb2-ief5-04,2
dig-ostb2-ievpn-01,2
nsb-gyslo-sfa-01-b,2
nsb-gyslo-sfa-01-a,2
WPAPPXK0,2
WPAPPXI0,2
sky-gyslo-vpano-log-03,2
WPAPPXL0,2
sky-gyslo-uafw-04,2
nowtv-gyhhe-aswt-01,2
mc-ostb2-dswt-01,2
bcn-cwaz3-leaf01-111,2
bcn-cwaz2-cswt-1,2
sky-gyhhe-sfa-16-b,2
com-,2
bcn-h1z2-cswt-1,2
sky-ost-iefw-01-tvob-internet,2
bcmed-u2-sfdb-02,2
sky-gyhhe-spine01-903,2
sky-gyhhe-vpano-log-03,2
dvn-h1z0-cswt-1,2
dvn-cwa-leaf-06,2
sky-cwa-iefwb-2-iesfda,2
sky-cwa-fw-04,2
sky-cwa-iefwc-04-spstage-sec,2
path,2
DefensePro,2
mrd13,2
sky-onx-iefw-01-corporate-pri,2
sky-onx-iefw-01-corporate-sec,2
Nimbus,2
svc-app-cci,2
tests,2
Multicast,2
between,2
if3-nme,2
ae1,2
Cloud,2
VRF,2
ifIndex,2
2024-02-27,2
backup,2
cable,2
run,2
sky-gyhhe-leaf01-124,2
DVN-OSTB2-LEAF-04,2
sdwan-gyhhe-hub-01,2
psn-4p,2
psn-3p,2
sky-onx-efw-01,2
sky-onx-ise-3,2
now,2
sky-sce-spine01-901,2
sky-sce-leaf01-116,2
sky-sce-leaf01-108,2
sky-sce-leaf01-126,2
sky-onx-leaf01-116,2
ctp-onx-sfa-02-a,2
sky-sce-leaf01-505,2
sky-onx-leaf01-504,2
sky-onx-leaf01-120,2
sky-onx-leaf01-109,2
sky-onx-spine01-902,2
sky-onx-leaf01-122,2
sky-onx-leaf01-110,2
sky-sce-leaf01-109,2
sky-sce-leaf01-104,2
sky-sce-apic01-02,2
sky-onx-spine01-903,2
sky-sce-leaf01-117,2
sky-gyslo-leaf01-121,2
sky-onx-leaf01-105,2
sky-onx-leaf01-507,2
sky-sce-leaf01-506,2
sky-onx-leaf01-114,2
sky-gyslo-leaf01-132,2
sky-sce-spine01-903,2
sky-gyslo-leaf01-131,2
2024-02-20,2
sky-gyslo-leaf01-119,2
sky-gyhhe-leaf01-131,2
sky-gyslo-leaf01-116,2
sky-gyhhe-vprime-01,2
nsb-onx-sfa-01-a,2
sky-sce-sfa-02-b,2
sky-h1-iefw-02,2
sky-sce-nxs-01,2
dig-cwa-mgswt-02,2
dig-cwm-uaswt-01,2
sky-cwa-sdswta-02,2
sky-cwm-uaswt-01,2
sky-cwt-uaswt-01,2
sky-cwa-sdswta-01,2
Arista,2
sky-cwa-leaf01-105,2
psn-5p,2
psn-6p,2
sky-onx-hbsfa-01-a,2
dvn-lba-aswt-01,2
esm-lba-aswt-01,2
make,2
svc-app-dcnm-media,2
non-prod,2
back,2
skyt-gyhhe-ief5-bskyb-02,2
skyt-sce-iedswt-02,2
skyt-sce-dswt-02,2
bcast-h1-sfdB-1,2
bcuv-h1-dswt-04,2
corp-h1-aswt-12,2
sdrs-dcw-sfa-01-a,2
corp-bmb-aswt-01,2
Devices,2
sky-onx-iecswt-01,2
sky-onx-iecswt-02,2
veth231b561,2
route,2
data,2
below,2
Non-PCI,2
cribl,2
SCTASK1846948,2
sky-gyhhe-iefw-01,2
dig-enc-rtr-02,2
dig-enc-rtr-01,2
dig-enc-sfda-02,2
sky-gyslo-leaf01-501,2
skyt-gyslo-ief5-02,2
P786,2
Dual,2
sky-ostb2-iedswt-01,2
bcmed-h1-sfdj-02,2
SAP,2
system,2
2024-02-05,2
host,2
BNCS,2
sky-onx-f5-skyde-02,2
sky-onx-f5-skyde-01,2
sky-onx-ise-1-cimc,2
bcmed-cwa-cswt-03,2
sky-gyhhe-iefw-08,2
bcmed-cwa-cswt-04,2
bcnt-u4z0-cswt-01,2
dvn-cwa-leaf-02,2
aoip-mil-sfa01-a,2
bcmed-h1-sfdI-01,2
sky-h1-nxs-05,2
-11,2
-29,2
-12,2
-10,2
sky-h1-iecswt-01,2
sky-dun-gnde-ap02,2
Windows,2
PSNs,2
Posture,2
Portal,2
Responding,2
sky-scbwd-dswt-02,2
corp-ostac-dswt-02,2
sky-scbwd-dswt-01,2
digt-u4-rtr-01,2
sky-gyslo-iefw-05,2
sky-gyhhe-ise-1-cimc,2
mc-cwb-aswt-04,2
veth7a6aa28,2
veth2cd85f2,2
veth41c46d2,2
vl4,2
sky-gyhhe-leaf01-102,2
sky-gyhhe-leaf01-101,2
bcn-h1z1-cswt-01,2
sky-ostb2-leaf01-109,2
sky-ostb2-leaf01-110,2
skyt-gyhhe-iedswt-02,2
sky-gyhhe-iefw-11,2
sky-wwb-2nd-ap02,2
sky-cwa-iefwF-1-admin,2
sky-cwa-iefwd-01-sfdd-context-stby,2
sky-cwa-iefwd-01,2
sky-cwa-iefwd-01-stby,2
sky-cwa-iefwd-04-content,2
sky-cwa-iefwB-1-Admin,2
mgmt-h1-aswt-18-a,2
mgmt-h1-aswt-18-b,2
mgmt-h1-dswt-1,2
AGR94,2
news-h1-sfa-02-b,1
corp-ostb1-aswt-03,1
ctt-sce-sfa-01-B,1
drop,1
radio,1
Social,1
Applications,1
baseline,1
dig-h1ds-vf5-01,1
dig-h1ds-vf5-02,1
2024-06-12,1
med-h1-spine-01,1
sky-onx-ieivpn-02,1
sky-onx-ieivpn-01,1
john,1
stevenson,1
VoD,1
Adsmart,1
Impressions,1
Check,1
needed,1
digt-u4-idswt-03,1
dig-cwads-vf5-01,1
dig-cwads-vf5-02,1
corp-wmrk-aswt-01,1
TACACs,1
enabled,1
corpt-ostu1-aswt-01,1
brick,1
lane,1
paul,1
adams2,1
collectors,1
chi-ost,1
Unknown,1
get,1
IPv4,1
address,1
Ground,1
experiencing,1
onx-esx-hlzgg04,1
Nic,1
Saturated,1
skyt-gyslo-fw-01,1
skyt-gyslo-fw-02,1
sky-gyslo-leaf01-104,1
ctt-onx-sfa-01-B,1
2024-06-09,1
Primary,1
group,1
skyid-oogway-int-handoff-stg-1,1
Passed,1
sky-cwa-giga-agg-02,1
sky-onx-ief5-bskyb-11,1
sky-onx-ief5-bskyb-12,1
bcuv-h1-spine02-903,1
SDS,1
sky-cwa-giga-agg-01,1
mc-u2-aswt-03,1
sky-gyhhe-sfa-08-b,1
sky-gyhhe-sfa-08-a,1
Remediation,1
sky-cwa-fw-01,1
support,1
Copy,1
drive,1
Edenred,1
Website,1
BFD,1
Gavin,1
Neill,1
Brick,1
Lane,1
Office,1
SCTASK2037183,1
blb-gnd-ap01,1
2024-06-05,1
Bllon,1
Kproxy,1
cloud,1
Singular,1
Decisions,1
Party,1
reported,1
site,1
skyt-sce-ief5-adsmart-11,1
HHEFLASH02,1
addresses,1
skyt-sce-ief5-13,1
replacement,1
chistat,1
web,1
nic,1
Synamedia,1
bcast-fo-leaf01-103,1
corp-dcs-aswt-02,1
dig-glb2-rtr-02,1
corp-dcs-aswt-03,1
corp-dcs-aswt-01,1
sky-gyslo-iefw-11,1
bcmed-h1-sfdk-01,1
Teradichi,1
ipath-ss-control,1
sky-h1-efw-01,1
corp-mwb-fw-01,1
OSTPNTSSAT07,1
Client,1
ostdrmvmdbt03,1
skyt-sce-ief5-skyde-11,1
skyt-sce-f5-n01-secure-02,1
skyt-onx-f5-n01-pci-01,1
skyt-onx-f5-dat-02,1
skyt-onx-f5-dat-01,1
skyt-sce-f5-dat-01,1
skyt-onx-ief5-skyde-12,1
skyt-onx-f5-n01-secure-02,1
skyt-sce-ief5-skyde-12,1
Aspera,1
NBCU,1
nss,1
coreaudit,1
bkup-h1-aswt-6,1
corp-ncl-aswt-02,1
2024-05-27,1
Configurations,1
collected,1
since,1
17th,1
May,1
ctt-sce-sfa-01-A,1
SNC,1
numbers,1
REQ1657385,1
assistance,1
Erratic,1
CAuth,1
RADIUS,1
authentication,1
if1,1
0-is,1
Local,1
project,1
wd015453,1
application,1
sdrs-dpw-sfa-01-a,1
CRT0023739,1
ocsgatewayprd,1
CRT0023737,1
ocsgatewayn01,1
CRT0023738,1
ocsgatewayn02,1
bcmed-h1-sfdC-2,1
skyt-gyhhe-opd-fw-01-epg-be-pri,1
sky-gyslo-opd-fw-02-srp-be-sec,1
skyt-gyhhe-opd-fw-01-rec-fe-pri,1
skyt-gyhhe-opd-fw-02-gza-be-sec,1
sky-gyslo-opd-fw-02-opd-be-sec,1
skyt-gyslo-opd-fw-01-gza-fe-pri,1
skyt-gyhhe-opd-fw-01-srp-be-pri,1
sky-gyslo-opd-fw-02-opd-fe-sec,1
-GTM,1
iqsyncer,1
HA2,1
Backup,1
skyt-onx-fw-06,1
skyt-onx-fw-05,1
intermittently,1
pushing,1
Firewalls,1
dvn-eqslo-agg-01,1
dig-cwa-aswt-55,1
REQ1756904,1
corp-ostac-aswt-09,1
sdrs-sce-sfa-01-a,1
Backend,1
fails,1
reauthenticate,1
med-cwa-spine-01,1
mgmt-cwa-aswt-03,1
RMA,1
Submitted,1
CRT0023659,1
sky-gyhhe-ief5-bskyb-01,1
skyt-sce-fw-13,1
Deactivated,1
Mitigations,1
dig-rbmbc-2,1
livdc06,1
JGA65-2,1
ICF,1
skyt-onx-fw-13,1
corp-scbwd-aswt-02,1
digt-u4-sfda-01,1
corp-ostb2-aswt-22,1
Nexus9000,1
C9508,1
corp-cslba-dswt-02,1
bcast-cwa-cswt-02,1
sky-h1-nxs-01,1
bcast-cwa-cswt-01,1
skyt-onx-sfa-05-a,1
CRT0023615,1
chidrmvdigcat01-vip,1
CRT0023614,1
chidrmvdigcat04-vip,1
corp-h1-sfda-2,1
works,1
premise,1
networks,1
CRT0023594,1
prdmed-h1-leaf03-b,1
as1-nme,1
Interfaces,1
Permissions,1
CRT0023592,1
chitstncat05-vip,1
REQ1744749,1
drops,1
corp-ostb2-aswt-17,1
dest,1
won,1
install,1
oob-gyslo-cswt-01,1
sky-gyslo-ief5-icf-02,1
sky-onx-efw-03,1
sky-onx-efw-04,1
sky-sce-efw-03,1
sky-sce-efw-04,1
sky-gyhhe-leaf01-104,1
corp-cwa-sfdamsfc-2,1
sky-onx-apic01-03-cimc,1
bcuv-h1-leaf02-102,1
esm-sce-aswtb-01,1
esm-sce-aswtb-02,1
review,1
documentation,1
bbm502,1
2024-05-01,1
bcast-fo-spine01-902,1
Rdwr,1
Ptraffic,1
Capacity,1
100percent,1
manual,1
clearing,1
operator,1
corp-nolba-aswt-08,1
removing,1
corp-nolba-aswt-07,1
corp-nolba-aswt-06,1
corp-nolba-aswt-05,1
corp-nolba-aswt-04,1
sky-sce-uafw-01-admin-sec,1
sky-sce-uafw-01-admin-pri,1
2024-04-26,1
STILL,1
DOWN,1
direction,1
security,1
advised,1
patch,1
against,1
matter,1
urgency,1
Opsview,1
checks,1
SSL,1
handshake,1
CRT0023530,1
itm2,1
bcuv-h1-leaf01-103,1
sys,1
sky-cwtt-gnd-ap01,1
ASM,1
vulnerable,1
asset,1
sradigitalost,1
CVE-2024-20353,1
CVE-2024-20359,1
CRT0023518,1
CRT0023517,1
drm-ost-ievf5-02,1
sky-dun-2ndc-ap02,1
sky-sce-fw-03,1
sky-sce-fw-04,1
sky-sce-uafw-03,1
sky-sce-uafw-04,1
Assistance,1
INC3894568,1
cert,1
svc-skyvault-netscot,1
sky-cwt-1st-ap04,1
2024-04-23,1
sky-cwa-idf5-02,1
SVC-Netbrain,1
ge0-0-249,1
if6,1
home,1
sky-onx-uafw-03,1
skyt-gyslo-ief5-sport-02,1
corp-liv-aswt-02,1
corp-liv-aswt-04,1
corp-udd-dswt-01,1
corp-wmrk-dswt-01,1
corp-liv-aswt-01,1
corp-liv-aswt-14,1
Sync,1
validation,1
occurred,1
while,1
sky-cwatc-gnd-ap03,1
duplicate,1
INC3789383,1
ostdc05,1
NST04-2,1
corp-bllon-aswt-02,1
corp-ostac-aswt-02,1
corp-ostac-aswt-06,1
corp-ostb2-aswt-28,1
corp-ostbb-aswt-01,1
corp-ostc2-aswt-01,1
corp-ostac-aswt-08,1
corp-ostu1-aswt-02,1
corp-cwt-aswt-01,1
sky-cwa-leaf01-109,1
vip,1
if01-nme,1
hsci-a,1
HA1-Backup,1
Wentzel,1
action,1
pcap,1
Studios,1
Apple,1
SkyNews,1
Print,1
Printers,1
NAC,1
exceeded,1
corp-ncl-aswt-01,1
CHG0425575,1
CHG0137029,1
PMED,1
endpoints,1
SCTASK1922144,1
sbkfxdbn61,1
glbdat,1
Pool,1
Member,1
Addition,1
retrieve,1
crash,1
file,1
SR697107720,1
alto,1
corp-wnb-idswt-02,1
Latency,1
Tata,1
ISP,1
Flapped,1
myskyshare,1
-rsWSDWrongPassword,1
digt-u4-spine01-901,1
sky-scbwd-sfa-03-b,1
sky-scbwd-sfa-03-a,1
4hrs,1
corp-h1-aswt-2,1
bcn-h1z3-leaf01-113,1
skyt-cwa-efw-01,1
CHG0763522,1
raised,1
Interconnect,1
GitHub,1
Mac,1
corp-chn-aswt-04--,1
Fantray,1
Tac,1
session,1
POE,1
sitewide,1
sky-onx-ief5-skyde-11,1
WITH,1
PROCURRI,1
configuration,1
correcting,1
Humidity,1
causing,1
PSUs,1
fail,1
Jesus,1
christ,1
cesar,1
martinez,1
103-105,1
need,1
REPLACEMENTS,1
HAS,1
FAILED,1
dig-cwa-aswt-02,1
dig-cwa-aswt-01,1
export,1
dvn-hbr-cswt-02,1
corp-cslba-aswt-01,1
BLOCKEDTXQUEUE,1
sky-gyslo-ief5-sport-01,1
Win,1
Agent,1
Version,1
cbs-onx-dswt-02,1
dig-h1-spine01-902,1
dig-h1-spine01-904,1
dig-h1-spine01-903,1
sky-onx-uafw-01-untrusted-access-sec,1
Studio,1
Account,1
number,1
his,1
business,1
corp-h1-aswt-16,1
sky-gyhhe-uaswt-04,1
oob-gyhhe-sfa-05-a,1
sky-ostb2-ienxs-01,1
CRT0023311,1
pdlsquidtst,1
2024-03-26,1
sky-cwa-cswt-02,1
Inventory,1
request,1
cat-cwa-sfda-1,1
devicedbovn,1
svc-solarwindsorionlab,1
Checking,1
Unii-3,1
channel,1
capabililties,1
points,1
INC,1
Rosanne,1
Davis,1
sky-cwa-edswt-01,1
bcast-u4-dswt-3,1
output,1
OS128,1
MUX2,1
upappgm0,1
Arbitrator,1
upappfz0,1
nowtv-gyslo-aswt-01,1
s54esx01078,1
s54esx01079,1
s54esx01076,1
s54esx01077,1
s54esx01075,1
s54esx01074,1
esm-enslo-aswt-01,1
dvn-enslo-agg-02,1
corp-nolba-aswt-01,1
building,1
cut,1
corp-nolba-aswt-03,1
2024-03-22,1
CRT0023289,1
CRT0023288,1
CRT0023287,1
CRT0023286,1
INC3771620,1
sky-gyhhe-giga-01,1
Close,1
25th,1
March,1
sky-cwa-leaf01-108,1
CRT0023284,1
CRT0023283,1
ise1,1
mgmt-ostu2-aswt-01,1
corp-liv-aswt-09,1
sky-cwa-leaf01-110,1
corp-wwb-aswt-2,1
content,1
update,1
corp-ostbb-aswt-02,1
drawing,1
PoE,1
corp-h1-aswt-4,1
apddi01c,1
svc-solarwinds,1
sky-mnc-pcifw-02-pri,1
June,1
sky-nby-pcifw-02-pri,1
Jul,1
ls0-ct,1
oxedi,1
aggregated,1
peaking,1
skyt-gyhhe-iefw-01,1
Lan,1
Wan,1
Milan,1
intermitent,1
sky-gyhhe-fw-04,1
sky-gyhhe-fw-03,1
parties,1
vpn,1
Replacement,1
DR5000,1
Slow,1
accessing,1
behind,1
LTM,1
CRT0023234,1
softphone,1
CRT0023233,1
g04softphone,1
CRT0023232,1
g03softphone,1
CRT0023231,1
g02softphone,1
dig-h1-aswt-44,1
polling,1
affecting,1
solarwinds,1
Identifier,1
MUC,1
LON,1
LE-169557,1
clients,1
machines,1
corp-dun-aswt-02,1
systems,1
ipfilter,1
again,1
Read,1
asssist,1
SkyDeveloper,1
Geobreakout,1
troubleshooting,1
sky-u4-fw-01,1
bcn-ostb2z3-cswt-02,1
bcn-ostb2z3-cswt-01,1
CRT0023215,1
kaniqprd,1
CRT0023214,1
kaniq02prd,1
skyt-sce-sfa-10-a,1
corp-wwb-aswt-03,1
Manchester,1
Cotton,1
House,1
GTM,1
cdeingressgwn02,1
glbn02,1
directing,1
requests,1
datacenter,1
SSH,1
timing,1
out,1
sky-onx-ise-20-cimc,1
corp-bllon-aswt-03,1
sky-cwa-ise-20-cimc,1
sky-cwa-leaf01-116,1
sky-sce-hbsfa-02-a,1
sky-cwa-leaf01-115,1
sky-cwa-leaf01-114,1
Support,1
copy,1
image,1
wpappvz0,1
dead,1
reboot,1
software,1
upgrade,1
part,1
CHG0702266,1
corp-cslba-aswt-02,1
skyt-gyslo-ief5-store-01,1
sky-gyslo-ief5-sas-01,1
CHG0721423,1
mc-ostb2-sfda-01,1
mc-ostb2-sfda-02,1
dvn-u4-leaf-01,1
Fri,1
8MAR2024,1
10h00-12h00,1
sky-onx-iefw-01-web-skyweb-pri,1
bcn-cwaz2-cswt-2,1
corp-ath-sfdd-01,1
reloaded,1
sky-ost-iefw-01-skysports-prod,1
sky-ost-iefw-01-skygoimp-stage,1
tvob-ost-iefw-01,1
sky-ost-iefw-01-skyplayer-stage,1
sky-ost-iefw-01-broadcast,1
sky-ost-iefw-01-skyplayer-prod,1
sky-ost-iefw-01-skygoimp-prod,1
2024-03-06,1
as0-ct,1
as1-ct,1
bcn-h1z3-leaf01-110,1
BCMAD,1
going,1
through,1
cf-cwa-blct-2,1
vhe02-2,1
sky-cwa-nxs-04,1
Third,1
party,1
SDRS,1
dvn-u4-leaf-02,1
sky-sce-ief5-bskyb-11,1
bcn-cwaz1-cswt-02,1
pvmedt-cwa-leaf01-a,1
sky-cwa-nxs-03,1
bcmed-cwa-sfdf-01,1
WPAPPXF0,1
bcn-cwaz1-cswt-01,1
WPAPPXD0,1
WPAPPXC0,1
sky-gyslo-leaf01-101,1
corp-h1-aswt-22,1
2024-03-01,1
IPSec,1
tunnel,1
Chennai-RN-SPN1-IPSec-TTSL,1
present,1
more,1
than,1
one,1
Remote-Network,1
entry,1
CRT0023130,1
CRT0023129,1
CRT0023127,1
lmkuat,1
CRT0023126,1
skyt-gyslo-opd-fw-02-gza-be-sec,1
skyt-gyhhe-opd-fw-01-epg-fe-pri,1
skyt-gyslo-opd-fw-01-gza-be-pri,1
sky-gyhhe-opd-fw-01-srp-be-pri,1
sky-gyslo-opd-fw-02-rec-be-sec,1
sky-gyhhe-opd-fw-01-rec-be-pri,1
skyt-gyhhe-opd-fw-02-epg-be-sec,1
skyt-gyhhe-opd-fw-02-epg-fe-sec,1
sky-gyhhe-opd-fw-01-srp-fe-pri,1
sho,1
skyt-gyslo-opd-fw-02-epg-be-sec,1
sky-gyslo-opd-fw-02-epg-fe-sec,1
skyt-gyhhe-opd-fw-01-mgt-backend-pri,1
sky-gyslo-opd-fw-01-gza-be-pri,1
SKY,1
WAN,1
hits,1
RED,1
OUTAGES,1
bcmed-h1-sfdC-1,1
APvision,1
communication,1
UPAPPFY0,1
NetOps,1
Stockport,1
outage,1
INC3746624,1
aoip-ostb2-sfa01-b,1
Disruption,1
passive,1
backend,1
CHG0686353,1
ESXi,1
reassignment,1
sky-gyhhe-vdcnm-media-01,1
CRT0023120,1
lmkprod,1
CRT0022345,1
INC3744925,1
passed,1
repair,1
2024-02-29,1
sky-onx-ipsla-01,1
bcast-h1-sfdB-2,1
Rainbow,1
sky-gyslo-vcmx-01,1
Broken,1
APVisions,1
DefensePros,1
North,1
South,1
corp-cchp-aswt-01,1
corp-u4-sfdf-1,1
IAT,1
RTP,1
blue,1
paths,1
Germany,1
sky-sce-otv-02,1
pls,1
TDR,1
Livingston,1
switches,1
Potential,1
today,1
Maintenance,1
Job,1
sky-gyhhe-leaf01-505,1
dvn-cwaz1-cswt-2,1
skyt-gyslo-sfa02-a,1
dvn-cwa-spine-02,1
bcmed-h1-sfdm-01,1
skyt-gyslo-nxs-04,1
sky-gyslo-nxs-03,1
skyt-gyslo-sfa-01-b,1
sky-gyslo-sfa23-a,1
skyt-gyslo-sfa-01-a,1
prdmed-h1-leaf09-b,1
dvn-ostb2-leaf-02,1
bcmed-u1-leaf01-a,1
PTP,1
sky-sce-f5-skyde-02,1
sky-sce-f5-nimbus-02,1
sky-sce-f5-shared-02,1
sky-sce-f5-secure-01,1
sky-sce-f5-secure-02,1
sky-sce-f5-skyde-01,1
sky-sce-f5-shared-01,1
bcast-ostu1-sfda-02,1
dvn-cwaz0-cswt-2,1
debug,1
commands,1
read-only,1
account,1
Orchestrator,1
Rule,1
allow,1
SkyStore,1
OTT,1
ingestion,1
SQL,1
Listener,1
tacacs,1
IBI,1
scotland,1
Scottish,1
sites,1
CHG0667542,1
last,1
night,1
grant,1
11pm,1
corp-ostb2-aswt-48,1
corp-vhs-aswt-01,1
CRT0023075,1
skyt-onx-sfa-07-b,1
sky-onx-sfa-04-a,1
skyt-onx-fw-11,1
sky-onx-sfa-12-b,1
sky-onx-leaf01-115,1
skyt-onx-sfa-02-a,1
esm-onx-aswtf-01,1
sky-gyhhe-spine01-902,1
sky-onx-leaf01-107,1
sky-sce-otv-01,1
corp-wmrk-aswt-08,1
sky-onx-sfa-11-b,1
skyt-onx-sfa-03-a,1
sky-onx-leaf01-104,1
sky-gyhhe-leaf01-105,1
sky-onx-leaf01-117,1
sky-gyhhe-leaf01-132,1
sdrs-onx-fw-02,1
sky-gyslo-spine01-902,1
sky-gyslo-leaf01-108,1
esm-onx-aswtc-04,1
skyt-onx-sfa-03-b,1
sky-gyslo-leaf01-107,1
sky-onx-leaf01-505,1
sky-sce-leaf01-106,1
sky-onx-sfa-09-a,1
skyt-onx-fw-12,1
sdrs-onx-fw-01,1
esm-onx-fw-05,1
sky-onx-efw-02,1
sky-onx-apic01-01,1
sky-onx-leaf01-508,1
corp-cwa-aswt-03,1
2024-02-21,1
sky-gyhhe-leaf01-113,1
sky-onx-leaf01-113,1
sky-onx-leaf01-123,1
sky-sce-leaf01-125,1
sky-gyhhe-leaf01-111,1
sky-gyslo-leaf01-109,1
sky-gyhhe-leaf01-103,1
sky-gyhhe-leaf01-114,1
sky-gyslo-leaf01-112,1
sky-udd-gnd-ap05,1
sky-gyhhe-leaf01-506,1
sky-gyslo-leaf01-102,1
sky-sce-leaf01-110,1
sky-onx-leaf01-118,1
sky-gyslo-leaf01-123,1
sky-sce-leaf01-507,1
sky-gyslo-leaf01-106,1
sky-gyslo-spine01-901,1
sky-sce-leaf01-107,1
sky-gyslo-leaf01-124,1
sky-gyhhe-leaf01-106,1
sky-gyhhe-leaf01-120,1
sky-sce-leaf01-119,1
sky-gyslo-leaf01-105,1
sky-gyhhe-leaf01-117,1
sky-onx-leaf01-503,1
sky-gyslo-leaf01-111,1
sky-gyslo-apic01-03,1
sky-sce-leaf01-508,1
Anchor,1
sky-gyhhe-uaswt-03,1
dig-cwt-uaswt-01,1
dig-cwa-idswt-01,1
cslba-4th-ap09,1
renaming,1
decommed,1
sky-ostb2-leaf01-101,1
sky-ostb2-leaf01-102,1
Broadcast,1
disconnects,1
ROSS,1
estate,1
mc-cwa-aswt-07,1
sky-onx-f5-pci-01,1
sky-gyslovdcnm-media-02,1
username,1
requried,1
SIC,1
wlc,1
prep,1
CHG0685392,1
Friday,1
dig-ses-rtr-01,1
cbst-sce-dswt-02,1
skyt-sce-nxs-02,1
sky-gyhhe-ief5-sport-02,1
2024-02-12,1
sky-sce-ief5-skypay-pci-11,1
sky-gyslo-vpano-log-06,1
skyt-gyslo-vpano-log-06,1
sky-ostu4-leaf01-118,1
corp-h1-aswt-19,1
sa-cwa-cswt-03,1
esm-dpw-aswt-01,1
Expiration,1
sky-sce-gnd-ap01,1
bcmed-h1-sfdj-01,1
veth4dad6cd,1
veth9e1ac27,1
veth1455620,1
rsWSDAuthenticationSuccess,1
iedos,1
mgmt-h1-aswt-01,1
esm-dcw-aswt-01,1
Verify,1
stability,1
mc-h1-aswt-28,1
The,1
shown,1
skyt-gyslo-sfa05-d,1
sky-gyslo-leaf01-125,1
sky-gyslo-leaf01-126,1
sky-gyslo-leaf01-118,1
sky-gyslo-leaf01-505,1
sky-gyslo-leaf01-115,1
sky-gyslo-leaf01-506,1
2024-02-07,1
skyt-gyslo-sfa05-c,1
sky-gyslo-ief5-02,1
s56esx00931,1
Perce,1
corp-ostb1-aswt-02,1
corp-ostb1-aswt-01,1
sportfeed-stagehemel,1
endpoint,1
work,1
CRT0022923,1
CRT0022912,1
grpcming01grpprd,1
sky-onx-ise-2,1
pvmed-cwa-leaf01-b,1
pvmed-cwa-leaf01-a,1
available,1
vpa1ascs,1
Current,1
able,1
dbajenkins,1
CRT0022911,1
grpcming01grpn05,1
CRT0022910,1
grpcming01grpt01,1
CRT0022909,1
grpcming01grpt02,1
dig-glbbp-rtr-01,1
sky-sce-f5-pci-01,1
bg-cwa-sspine02-903,1
skyt-gyhhe-sfa-07-a,1
Details,1
Test,1
SGW,1
EMMG,1
skyt-gyslo-iefw-04,1
sky-sce-ief5-adsmart-12,1
sky-sce-ief5-adsmart-11,1
CRT0022895,1
retail,1
CRT0022894,1
dthing03prd,1
CRT0022893,1
dthing03dat,1
CRT0022892,1
dthing03n01,1
CRT0022891,1
dthing03n02,1
CRT0022890,1
skyt-gyslo-apic02-01,1
digt-cwa-sfde-02,1
Problems,1
still,1
REQ,1
completed,1
2024-02-01,1
INC3671196,1
views,1
unavailable,1
event,1
vhe02,1
gwte9-gnd-ap05,1
psn-1p,1
psn-2p,1
ITV1,1
Meridian,1
East,1
West,1
Red,1
Feed,1
mgmt-u2-aswt-01,1
sky-onx-sfa-01-a,1
CRT0022875,1
skyt-gyslo-apic01-01,1
esm-onx-fw-06,1
sky-onx-iefxos-02,1
sky-onx-ise-4-cimc,1
CHG0667945,1
SCTASK1736538,1
VIBOX,1
Request,1
due,1
external,1
Docker,1
internet,1
mc-cwa-aswt-08,1
2024-01-30,1
sky-onx-leaf02-101,1
med-u4-fw-01,1
sky-sce-sfa-10-a,1
2024-01-29,1
Some,1
SMCS,1
apps,1
RabbitMQ,1
investigation,1
aoip-h1-sfa06-a,1
oob-gyhhe-cswt-02,1
dig-h1-leaf01-134,1
dig-h1-leaf01-113,1
dig-h1-spine01-901,1
dig-cwa-leaf01-107,1
dig-cwa-leaf01-129,1
dig-h1-leaf01-127,1
dig-h1-leaf01-128,1
dig-h1-leaf01-120,1
bcnt-cwaz0-cswt-01,1
bcmed-cwa-leaf02-a,1
bcast-cwa-spine01-902,1
bcast-cwa-spine01-901,1
digt-u4-leaf01-107,1
sky-gyhhe-leaf01-115,1
2024-01-28,1
dvn-h1-leaf-01,1
bkup-h1-cswt-01,1
sky-sce-leaf01-120,1
2024-01-27,1
as0-nme,1
mulitple,1
Rainman,1
Tenable,1
During,1
CHG0667374,1
box,1
didn,1
came,1
sdrs-sce-fw-01,1
prdmed-h1-leaf02-a,1
-30,1
returns,1
Floods,1
coming,1
Radware,1
Customer,1
IPs,1
used,1
presented,1
Broadband,1
callback,1
SGWs,1
secure,1
Gateways,1
oob-gyslo-cswt-02,1
sky-dun-1ste-ap03,1
HATSCCMCB,1
sky-gyhhe-iefw-06,1
sky-gyhhe-iefw-05,1
sky-dun-1ste-ap01,1
CRT0022841,1
if10-rm,1
sky-dun-1stc-ap01,1
sky-dun-gnds-ap02,1
sky-dun-1stc-ap02,1
sky-dun-gnde-ap01,1
ostu2-1st-ap16,1
sky-gyhhe-nxs-04,1
sdrst-onx-fw-01,1
mgmt-h1-aswt-5,1
esm-cwa-sfa-01-a,1
esm-cwa-sfa-01-b,1
mcx-h1-leaf01-103,1
mgmt-u2-aswt-03,1
skyt-sce-f5-dat-03,1
cbst-onx-dswt-01,1
cbst-onx-dswt-02,1
skyt-onx-dswt-01,1
sky-cwa-iefwc-04-spstage-pri,1
CRT0022744,1
Comms,1
RMA-389549,1
upjmp030,1
ssm05,1
sky-gyslo-f5-shsrv-02,1
corp-h1-sfdc-01,1
sky-dun-gndw-ap02,1
vl990,1
if0,1
vl111,1
Deny,1
icmp,1
CNS,1
Possible,1
Huawei,1
equipment,1
Rising,1
Worksetting,1
Promotions,1
VNOCEncoder,1
related,1
CHG0661417,1
skyt-gyslo-iedswt-01,1
skyt-gyslo-iedswt-02,1
skyt-gyslo-idswt-02,1
skyt-gyhhe-idswt-02,1
CRT0022697,1
CRT0022695,1
ulm-platform-prd,1
CRT0022694,1
ulm-platform-n01,1
CRT0022693,1
fmsfve01prd,1
CRT0022692,1
vrx5wd,1
CRT0022691,1
sbtgasdat,1
CRT0022690,1
sbtgasprd,1
CRT0022689,1
fmsfve01u01,1
CRT0022688,1
vqx1wd,1
New,1
Landmark,1
PRD,1
connections,1
Connectivty,1
up003452,1
de-ve-splds,1
corp-ostb1-dswt-01,1
veth8117969,1
veth494196a,1
veth6fde8c4,1
corp-ostb3-aswt-03,1
Mithun,1
Ravichandran,1
corp-h1-aswt-9,1
sdrs-dpw-sfa-01-b,1
sdrs-dcw-sfa-01-b,1
CRT0022618,1
mc-u1-cswt-2,1
mc-h1-cswt-1,1
mc-fplon-aswt-01,1
predicted,1
spike,1
mc-u4-dswt-02,1
CRT0022610,1
sky-cwatc-1st-ap04,1
CMX,1
nmsplb,1
aoip-h1-sfa02-b,1
problem,1
Dropped,1
sky-gyslo-ise-3-cimc,1
sky-gyslo-vdcnm-media-02,1
dig-cwa-leaf01-113,1
dig-cwa-leaf01-114,1
corp-ostb1-aswt-08,1
sky-gyhhe-nxs-03,1
Log,1
Collection,1
2024-01-07,1
CRT0022573,1
b2bing01prd,1
CRT0022572,1
b2bing01n71,1
CRT0022571,1
sky-gyhhe-ise-2-cimc,1
REQ1603588,1
CRT0022570,1
sky-gyhhe-ise-4-cimc,1
REQ1603555,1
CRT0022569,1
sky-gyhhe-ise-3-cimc,1
REQ1603633,1
CRT0022568,1
CRT0022567,1
skyt-gyhhe-iefw-02,1
P784,1
bcast-h1-sfdA-1,1
corp-scbwd-aswt-01,1
nowtv-gyhhe-iefw-01,1
if0-nme,1
applications,1
vsys14,1
paloalto-ace,1
paloalto-ace-kcs,1
paloalto-cloud-identity,1
paloalto-terminal-svcs-agent,1
parler,1
parsec-for-tea,1
sky-sce-sfa-06-a,1
P438,1
com-CPU1,1
Processor,1
hrProcessorLoad,1
montgomd,1
skyt-gyslo-opd-fw-02-epg-fe-sec,1
skyt-gyslo-opd-fw-01-rec-be-pri,1
CRT0022540,1
sky-gyslo-ise-4-cimc,1
CRT0022539,1
CRT0022538,1
License,1
feature,1
threat,1
sky-cwa-iewscra-1,1
sky-cwa-iewscra-2,1
overloaded,1
protected,1
CRT0022502,1
sky-gyhhe-ise-5-cimc,1
CRT0022501,1
fmctfmbf503prd,1
CRT0022498,1
sky-gyhhe-ise-6-cimc,1
CRT0022495,1
decming01det01,1
CRT0022494,1
itcming01itd01,1
