Biword,Count
Syslog Critical,1124
Critical Alarm,1124
Interface Down,838
Palo Alto,471
Utilization percentage,419
flow task,419
Device Reloaded,250
State Change,222
Tunnel Down,185
BGP Down,157
Syslog Alert,156
Percent avera,155
External Provider,149
Provider Unreachable,149
High CPU,144
AIRESPACE WIRELESS,140
WIRELESS ALERT,140
Access Point,140
Point Error,140
SNMP Traps,139
Traps Lost,139
Non Production,139
Error sky-gyslo-wlc-02,136
HSRP State,135
Hardware component,126
component error,126
UnImportant Tunnel,117
Module Down,112
Syslogs Lost,110
CPU Utilisation,106
High response,95
response time,95
Percent ave,93
SNMP Polling,93
Excessive Syslogging,89
Wireless Interface,83
Interface Crashed,83
Percent averaged,80
Percent aver,80
Polling Failed,73
averaged over,73
Certificate expiring,72
Services affected,72
Not documented,71
Solarwinds Server,70
muted without,69
end date,69
date scheduled,69
Alert Storm,57
Minor Temperature,55
Temperature Alarm,55
Server failover,52
failover Alert,52
Missing CLI,51
CLI Credentials,51
Percent averag,50
Alto Shutdown,49
ISE Alarm,49
Solarwinds Netpath,45
Netpath Node,45
Low Power,44
sync status,44
long mute,44
mute window,44
Interface Errors,42
will expire,42
Cert will,41
Authentication Failures,40
PCI Authentication,39
DNS Error,39
Network Device,39
Alto Trap,37
Slot Failure,37
CPU engine4,33
CPU engine1,33
VPC Failure,32
Failure Detected,32
CPU engine5,32
CPU engine8,32
CPU engine9,32
CPU engine2,32
CPU engine7,31
CPU engine12,31
CPU engine3,30
CPU engine11,30
CPU engine6,30
CPU engine10,29
High Transmit,28
Transmit Utilization,28
Individual Core,28
Alto Missing,27
Parity Error,24
Interface Output,23
Output Drops,23
Nexus Switch,22
Switch Missing,22
Emergency Condition,22
Device Not,20
Not configured,20
prefered state,20
Polling Failure,20
SNMP Trap,20
Tranceiver Low,20
Power Warning,20
BGP Error,19
ISE Server,19
Server Offline,19
Netbrain Front,17
Front Server,17
Interface Error,17
Error Disabled,17
Excessive SNMP,15
SNMP Trapping,15
Power Supply,15
Supply failure,15
Failover Event,14
Alto Data,13
Data Plane,13
Vantage OAC,13
OAC Submission,13
Solarwinds Servers,12
Switchover Occured,12
Too many,12
many link,12
link flaps,12
CPU engine17,12
Interface docker0,11
Management Certificate,11
Certificate Expiring,11
rights required,11
Synchronisation Status,11
Status Error,11
Guest High,11
Export Failed,10
Plane Usage,10
Usage High,10
Server Disk,10
Disk Space,10
Space warning,10
Service Critical,10
Netbrain Database,10
CPU Usage,10
CPU engine18,10
TACACS rights,9
Alto Routing,9
Routing State,9
High Memory,9
CPU engine16,9
idle time,9
Osterley Campus,8
Memory Utilisation,8
VPC Down,8
CPU engine14,8
CPU engine13,8
Configuration Failed,8
iQuery Failure,7
Alert Testing,7
Netbrain Web,7
Web Server,7
Netbrain Worker,7
Worker Server,7
Important Tunnel,6
Trap Service,6
Guest Status,6
CIMC Hardware,6
Hardware Fault,6
lost connection,6
vCenter Server,6
please ignore,6
Interface docker,6
CPU engine15,6
Interface -25,6
Percent average,5
Cert EXPIRED,5
Scotland Poller,5
BPDU Guard,5
admin user,5
docker gwbridge,5
Number averaged,5
High Availability,5
load page,4
Web Servers,4
2nd Floor,4
Unreachable Web,4
Web server,4
Sensors failed,4
authenticate during,4
during onboarding,4
Innovation Centre,4
Interface Errors-,4
Errors- Scotland,4
Scotland Only,4
Alto Firewall,4
Hardware Failure,4
TACACS issue,4
Syslog Service,4
Ping Fail,4
Network Connectivity,4
Connectivity Issue,4
Error sky-ost-wlc-01,4
Tacacs rights,4
averaged ove,4
Excessive failures,3
Chennai One,3
multiple users,3
DTH VOD,3
jumphost enterprise,3
DTH Linear,3
Plane CPU,3
issue Early,3
Early identification,3
TACACS Rights,3
Rights required,3
Case Ref,3
Production RAISED,3
Procurri Case,3
Alto Generic,3
Generic Fault,3
PCI Default,3
Default Access,3
Server Warning,3
Database Pre-Prod,3
till 5pm,3
Cisco Case,3
Fan Status,3
Interface -27,3
Interface -28,3
Resource Utilization,3
internal CPU,3
CPU Utilization,3
memory condition,3
condition detected,3
kill process,3
Requests signed,3
No1 Leeds,2
HIGH vulnerabilities,2
Solarwinds require,2
day PCI,2
PCI patching,2
enterprise slough,2
8th Floor,2
Sky Central,2
1st Floor,2
Second Floor,2
F3074- Flash,2
Flash lifetime,2
lifetime usage,2
reached 80%,2
80% endurance,2
endurance limit,2
STV Blue,2
Blue feed,2
feed intermittent,2
intermittent loss,2
service alarms,2
reaching Osterley,2
Osterley ADM,2
ADM Reporting,2
Reporting servers,2
Memory Inconsistency,2
Inconsistency Error,2
Connectivity LAN,2
Adobe Campaign,2
Service Crashed,2
Alto TAC,2
TAC case,2
Line card,2
Fault SNMP,2
LiveU Video,2
Video Return,2
Return Thumbnails,2
Interface down,2
throughput license,2
Duplex Mismatching,2
Sky Lisbon,2
TAC CASE,2
issue after,2
RAISED Procurri,2
ASA Missing,2
com CPU1,2
reach capacity,2
Alto Session,2
Session Usage,2
Usage Percentage,2
over 75%,2
Cloud VRF,2
now till,2
make changes,2
Interface veth231b561,2
route data,2
below Non-PCI,2
Non-PCI hosts,2
WLC Hardware,2
Dual PSU,2
PSU Status,2
Alto Packets,2
Packets Per,2
Per Second,2
Second Warning,2
Interface -11,2
Interface -29,2
Interface -12,2
Interface -10,2
ISE PSNs,2
PSNs Posture,2
Posture Portal,2
Not Responding,2
Interface veth7a6aa28,2
Interface veth2cd85f2,2
Interface veth41c46d2,2
least 154%,1
154% increase,1
least 95%,1
95% drop,1
radio throughput,1
Social Applications,1
DTH VoD,1
VoD Adsmart,1
Adsmart Impressions,1
Check needed,1
least 804%,1
804% increase,1
Production TACACs,1
enterprise brick,1
brick lane,1
log collectors,1
collectors chi-ost,1
least 114%,1
114% increase,1
IPv4 address,1
Ground Floor,1
This WLC,1
experiencing high,1
high memory,1
memory utilization,1
Nic Saturated,1
sky-ost-vpano-log-01 identified,1
Primary group,1
interface skyid-oogway-int-handoff-stg-1,1
skyid-oogway-int-handoff-stg-1 Passed,1
missing rules,1
Need support,1
Copy IOS,1
IOS into,1
into USB,1
USB drive,1
Edenred Website,1
Website issue,1
Down BFD,1
remote end,1
Brick Lane,1
Lane Office,1
Bllon Kproxy,1
Kentik cloud,1
cloud connectivity,1
connectivity issue,1
Singular Decisions,1
3rd Party,1
Onyx site,1
replacement chistat,1
chistat web,1
web server,1
server nic,1
nic issues,1
Synamedia Network,1
Network Tunnel,1
network errors,1
errors when,1
when connecting,1
Cannot access,1
access OSTPNTSSAT07,1
OSTPNTSSAT07 over,1
over PCoIP,1
PCoIP Client,1
Network Down,1
connect via,1
via port,1
Connection failing,1
Aspera proxy,1
NBCU server,1
collected since,1
since 17th,1
17th May,1
apmgt010 identified,1
Issue SNC,1
SNC connecting,1
connecting missing,1
missing port,1
port numbers,1
numbers REQ1657385,1
Tshoot assistance,1
Erratic CAuth,1
Server Local,1
Local Admin,1
Admin Rights,1
GCP project,1
server wd015453,1
wd015453 via,1
via reverse,1
reverse proxy,1
Campaign application,1
expiring CRT0023739,1
expiring CRT0023737,1
expiring CRT0023738,1
iqsyncer error,1
HA2 Backup,1
Backup link,1
link down,1
intermittently pushing,1
pushing config,1
sky-gyhhe-vpano-log-06 identified,1
Kentik Backend,1
Backend fails,1
APVision after,1
Production RMA,1
multiple hosts,1
expiring CRT0023659,1
Deactivated Mitigations,1
Nexus9000 C9508,1
expiring CRT0023615,1
expiring CRT0023614,1
VPN Access,1
Netbrain Management,1
Management server,1
premise networks,1
expiring CRT0023594,1
Multiple Interfaces,1
Interfaces Down-,1
TACACS Group,1
Group Permissions,1
Permissions Incorrect,1
commit failure,1
expiring CRT0023592,1
news-h1-idswt-02 Packet,1
Packet drops,1
drops issue,1
sky-ost-vpano-log-03 identified,1
sky-chi-vpano-log-03 identified,1
Crowdstrike won,1
Cisco Ref,1
Ptraffic Capacity,1
Capacity 100percent,1
needs manual,1
manual clearing,1
Elstree removing,1
Corp WLC,1
push across,1
Elstree WLC,1
Production BGP,1
STILL DOWN,1
patch against,1
following issues,1
Opsview checks,1
SSL handshake,1
handshake error,1
expiring CRT0023530,1
Darktrace ASM,1
potential vulnerable,1
vulnerable asset,1
asset https,1
expiring CRT0023518,1
expiring CRT0023517,1
Chilworth Wi-Fi,1
cert Issue,1
access network,1
network resources,1
bcmed-ost-theyes-01 identified,1
bcmed-ost-theyes-02 identified,1
sky-ost-vpano-log-04 identified,1
Sync Failed,1
validation error,1
error occurred,1
occurred while,1
while syncing,1
remote device,1
HA1-Backup connection,1
connection down,1
Tristan Wentzel,1
action pcap,1
Studios Apple,1
Switchport config,1
config change,1
assist SkyNews,1
Sky Print,1
Printers can,1
potential NAC,1
NAC Issue,1
PMED endpoints,1
endpoints access,1
Not working,1
Pool Member,1
Member Addition,1
crash log,1
log file,1
Cisco SR697107720,1
Palo alto,1
alto TAC,1
Network Latency,1
CIEC users,1
users via,1
via VPN,1
Tata ISP,1
ISP Link,1
Link Flapped,1
can access,1
access Internet,1
Campaign DMZ,1
DMZ servers,1
multiple alarms,1
Lisbon TAC,1
sky-chi-vpano-log-04 identified,1
Lost CHG0763522,1
CHG0763522 raised,1
GCP Interconnect,1
Interconnect Issues,1
intermittent failures,1
failures when,1
when using,1
using GitHub,1
corporate Mac,1
Incorrect reporting,1
corp-chn-aswt-04-- Fantray,1
Fantray Failure,1
Cisco Tac,1
Tac Tshoot,1
Tshoot session,1
POE issue,1
after sitewide,1
sitewide power,1
power failure,1
RAISED WITH,1
WITH PROCURRI,1
PROCURRI Case,1
SNMP configuration,1
configuration needs,1
needs correcting,1
Humidity Slough,1
causing PSUs,1
Production Case,1
Jesus christ,1
Production FEX,1
FEX 103-105,1
103-105 need,1
need PSU,1
PSU REPLACEMENTS,1
HAS FAILED,1
Panorama failed,1
export config,1
Win Agent,1
Agent Version,1
Firewall rules,1
Studio Account,1
Account number,1
cannot access,1
his business,1
business website,1
expiring CRT0023311,1
Inventory Output,1
Output request,1
Checking Unii-3,1
Unii-3 channel,1
channel capabililties,1
access points,1
Please assign,1
assign INC,1
Rosanne Davis,1
Data output,1
output network,1
network link,1
link lost,1
lost OS128,1
Database Arbitrator,1
after building,1
building power,1
power cut,1
expiring CRT0023289,1
expiring CRT0023288,1
expiring CRT0023287,1
expiring CRT0023286,1
Close 25th,1
25th March,1
expiring CRT0023284,1
expiring CRT0023283,1
content update,1
drawing PoE,1
capacity June,1
capacity Jul,1
com aggregated,1
aggregated CPU,1
CPU peaking,1
peaking 80%,1
Wan Network,1
Network Faults,1
Faults Milan,1
Network intermitent,1
intermitent issues,1
3rd parties,1
parties cannot,1
cannot login,1
login via,1
via vpn,1
Replacement DR5000,1
Slow throughput,1
throughput when,1
when accessing,1
service behind,1
behind LTM,1
expiring CRT0023234,1
expiring CRT0023233,1
expiring CRT0023232,1
expiring CRT0023231,1
Packet loss,1
loss polling,1
polling tvob-demuc-dswt-01,1
tvob-demuc-dswt-01 affecting,1
affecting solarwinds,1
solarwinds monitoring,1
Service Identifier,1
PCoIP traffic,1
AWS machines,1
logging ipfilter,1
ipfilter logs,1
logs again,1
Network switch,1
switch Read,1
Read Only,1
Only access,1
SkyDeveloper Geobreakout,1
Geobreakout troubleshooting,1
expiring CRT0023215,1
expiring CRT0023214,1
Manchester Cotton,1
Cotton House,1
Corp Wi-Fi,1
Wi-Fi issues,1
GTM cdeingressgwn02,1
directing requests,1
Onyx datacenter,1
SSH access,1
hosts timing,1
timing out,1
Need Support,1
copy IOS,1
IOS image,1
sky-gyhhe-iefw-16 dead,1
dead following,1
following reboot,1
reboot during,1
during software,1
software upgrade,1
sky-gyslo-vpano-log-03 identified,1
Darktrace Tshoot,1
Fri 8MAR2024,1
access Sky,1
Sky corporate,1
corporate resources,1
resources using,1
using sky,1
sky corporate,1
corporate network,1
com- corp-ath-sfdd-01,1
corp-ath-sfdd-01 switch,1
BCMAD traffic,1
traffic going,1
going through,1
BCMED firewall,1
Third party,1
party users,1
users unable,1
access SDRS,1
sky-gyhhe-vpano-log-03 identified,1
sky-cwa-ise-20 multiple,1
commit changes,1
IPSec tunnel,1
more than,1
than one,1
one Remote-Network,1
Remote-Network entry,1
expiring CRT0023130,1
expiring CRT0023129,1
expiring CRT0023127,1
expiring CRT0023126,1
WAN hits,1
RED path,1
APvision DefensePro,1
DefensePro communication,1
communication issues,1
assist NetOps,1
Stockport Wi-Fi,1
Wi-Fi outage,1
please assign,1
assign rights,1
rights till,1
Nimbus during,1
during reload,1
passive backend,1
backend firewall,1
ESXi hosts,1
svc-app-cci unable,1
OAC tests,1
expiring CRT0023120,1
expiring CRT0022345,1
INC3744925 passed,1
network repair,1
Multicast Group,1
Group into,1
into Sky,1
Rainbow Network,1
Broken connectivity,1
connectivity between,1
RTP errors,1
blue paths,1
change backup,1
backup port,1
port config,1
config pls,1
TDR cable,1
cable tests,1
Livingston switches,1
Potential cable,1
cable Faults,1
5pm today,1
today please,1
reached 90%,1
Database Maintenance,1
Maintenance Job,1
Job Failure,1
sky-gyhhe-vpano-mgmt-02 cannot,1
cannot commit,1
Memory Usage,1
sky-gyslo-vpano-log-04 identified,1
Cannot run,1
run debug,1
debug commands,1
read-only svc-app-cci,1
Vantage service,1
service account,1
allow SkyStore,1
SkyStore OTT,1
OTT ingestion,1
ingestion service,1
Slough SQL,1
SQL Listener,1
Require tacacs,1
tacacs rights,1
assist IBI,1
IBI scotland,1
Offline Wi-Fi,1
Scottish sites,1
sites after,1
after CHG0667542,1
CHG0667542 last,1
last night,1
please grant,1
grant rights,1
till 11pm,1
Please ignore,1
WLC Anchor,1
Anchor Failure,1
test please,1
Require TACACS,1
rights Innovation,1
Switchport renaming,1
5pm please,1
bcuv-h1-dswt-02 reload,1
Arista Ref,1
Broadcast disconnects,1
disconnects across,1
ROSS estate,1
com- username,1
username svc-app-dcnm-media,1
rights requried,1
push non-prod,1
SIC back,1
non-prod wlc,1
Multiple Devices,1
Devices Cert,1
Cert Expiration,1
Interface veth4dad6cd,1
Interface veth9e1ac27,1
Interface veth1455620,1
Multiple iedos,1
iedos Devices,1
Verify Interface,1
Interface stability,1
The DefensePro,1
DefensePro device,1
reach https,1
com DMZ,1
DMZ endpoint,1
expiring CRT0022923,1
expiring CRT0022912,1
SAP Production,1
Production system,1
com Current,1
Current SAP,1
SAP system,1
expiring CRT0022911,1
expiring CRT0022910,1
expiring CRT0022909,1
Node Details,1
Details Missing,1
Test System,1
Connectivity lost,1
SGW host,1
expiring CRT0022895,1
expiring CRT0022894,1
expiring CRT0022893,1
expiring CRT0022892,1
expiring CRT0022891,1
expiring CRT0022890,1
Network Problems,1
Connectivity still,1
still blocked,1
blocked after,1
after REQ,1
REQ completed,1
Multicast views,1
views unavailable,1
PSU loss,1
Meridian East,1
Central West,1
West Loss,1
Blue Feed,1
expiring CRT0022875,1
VIBOX Firewall,1
Firewall Request,1
failing due,1
internet connectivity,1
Some SMCS,1
apps traffic,1
reaching Nimbus,1
Nimbus RabbitMQ,1
RabbitMQ servers,1
needs investigation,1
Link Down,1
Rainman Firewall,1
Tenable Connectivity,1
Connectivity Failure,1
box didn,1
came back,1
500ms Case,1
Interface -30,1
VPN login,1
login page,1
page returns,1
Floods alarms,1
alarms coming,1
Radware devices,1
Customer IPs,1
IPs used,1
Broadband callback,1
callback SGWs,1
secure Gateways,1
Server HATSCCMCB,1
HATSCCMCB missing,1
expiring CRT0022841,1
sky-gyhhe-vf5biq-02 CPU,1
CPU High,1
Case CASE,1
expiring CRT0022744,1
Interface Down-,1
Arista RMA-389549,1
Deny icmp,1
icmp reverse,1
reverse path,1
Windows host,1
access website,1
Possible reporting,1
reporting issue,1
issue across,1
across Huawei,1
Huawei equipment,1
CPU utilization,1
Worksetting Issue,1
nowtvt-gyhhe-iefw-01 down,1
Solarwinds related,1
expiring CRT0022697,1
expiring CRT0022695,1
expiring CRT0022694,1
expiring CRT0022693,1
expiring CRT0022692,1
expiring CRT0022691,1
expiring CRT0022690,1
expiring CRT0022689,1
expiring CRT0022688,1
New Landmark,1
Landmark PRD,1
backup interface,1
interface connections,1
Connectivty between,1
between up003452,1
Testing Early,1
Early TACACS,1
issue identification,1
Interface veth8117969,1
Interface veth494196a,1
Interface veth6fde8c4,1
Mithun Ravichandran,1
expiring CRT0022618,1
CPU1 predicted,1
spike over,1
over limit,1
expiring CRT0022610,1
CMX Alert,1
Connection failed,1
Wi-Fi connectivity,1
connectivity problem,1
Packets Dropped,1
Log Collection,1
Collection Failed,1
expiring CRT0022573,1
expiring CRT0022572,1
expiring CRT0022571,1
expiring CRT0022570,1
expiring CRT0022569,1
expiring CRT0022568,1
expiring CRT0022567,1
Disabled applications,1
paloalto-ace paloalto-ace-kcs,1
paloalto-ace-kcs paloalto-cloud-identity,1
paloalto-cloud-identity paloalto-terminal-svcs-agent,1
paloalto-terminal-svcs-agent parler,1
parler parsec-for-tea,1
com-CPU1 Management,1
Management Processor,1
expiring CRT0022540,1
expiring CRT0022539,1
expiring CRT0022538,1
feature threat,1
threat will,1
Detected overloaded,1
overloaded protected,1
expiring CRT0022502,1
expiring CRT0022501,1
expiring CRT0022498,1
expiring CRT0022495,1
expiring CRT0022494,1
